name,pos,minutes,goals,assists,pens_made,pens_att,shots,shots_on_target,cards_yellow,cards_red,fouls,fouled,offsides,crosses,tackles_won,interceptions,own_goals,pens_won,pens_conceded,shots_on_target_against,goals_against,saves,save%
Gianluigi Donnarumma,GK,4936,0,0,0,0,0,0,0,0,0,4,0,0,0,6,0,0,0,14,4,10,0
Jordan Pickford,GK,4770,0,0,0,0,0,0,0,0,0,0,0,0,0,0,0,0,0,18,2,16,0
Unai Simón,GK,4320,0,0,0,0,0,0,0,0,0,0,0,0,0,0,0,0,0,14,6,9,0
Jorginho,CM,4224,0,0,0,0,0,0,2,0,11,19,0,2,8,75,0,0,0,0,0,0,0
John Stones,CB,4068,0,0,0,0,5,1,0,0,2,3,0,0,6,15,0,0,0,0,0,0,0
Leonardo Bonucci,CB,4050,1,0,0,0,5,1,4,0,2,5,1,0,0,36,0,0,0,0,0,0,0
Kalvin Phillips,"CM,DM",3984,0,2,0,0,4,1,2,0,12,4,1,8,8,21,0,0,0,0,0,0,0
Kasper Schmeichel,GK,3960,0,0,0,0,0,0,0,0,0,0,0,0,0,0,0,0,0,23,7,16,0
Harry Kane,FW,3876,4,0,0,1,13,7,0,0,5,14,2,6,0,9,0,0,0,0,0,0,0
Raheem Sterling,"AM,LW,RW",3834,3,2,0,0,14,8,0,0,8,12,4,8,10,12,0,1,0,0,0,0,0
Aymeric Laporte,CB,3780,1,0,0,0,2,1,2,0,9,6,0,0,4,15,0,0,0,0,0,0,0
Pedri,LM,3768,0,0,0,0,0,0,0,0,3,13,0,4,6,12,1,0,0,0,0,0,0
Kyle Walker,"CB,RB",3594,0,0,0,0,0,0,0,0,1,3,0,8,0,24,0,0,0,0,0,0,0
Giovanni Di Lorenzo,RB,3510,0,0,0,0,5,0,2,0,13,13,0,14,16,24,0,0,1,0,0,0,0
Yann Sommer,GK,3510,0,0,0,0,0,0,0,0,0,1,0,0,0,0,0,0,0,29,9,21,0
Luke Shaw,"WB,LB",3444,1,6,0,0,3,1,0,0,10,4,2,56,6,12,0,0,0,0,0,0,0
Joakim Mæhle,"LM,LW,LB,WB",3420,2,2,0,0,10,7,0,0,6,8,0,28,10,24,0,0,1,0,0,0,0
Pierre Højbjerg,"CM,RM,AM",3420,0,6,0,1,7,3,0,0,3,4,0,16,16,21,0,0,0,0,0,0,0
Martin Braithwaite,"RW,FW",3384,1,0,0,0,16,3,0,0,6,11,2,30,0,0,0,0,0,0,0,0,0
Heorhiy Bushchan,GK,3330,0,0,0,0,0,0,0,0,0,1,0,0,0,3,0,0,0,25,10,14,0
Jordi Alba,LB,3324,0,2,0,0,2,1,2,0,6,5,1,50,12,12,0,0,0,0,0,0,0
Declan Rice,"CM,DM",3210,0,0,0,0,1,1,2,0,6,2,0,0,10,36,0,0,0,0,0,0,0
Simon Kjær,CB,3168,0,0,0,0,2,1,0,0,3,5,0,0,12,30,1,0,0,0,0,0,0
Tomáš Vaclík,GK,3150,0,0,0,0,0,0,0,0,0,0,0,0,2,0,0,0,0,15,4,11,0
Thibaut Courtois,GK,3150,0,0,0,0,0,0,0,0,0,2,0,0,0,0,0,0,0,14,3,11,0
Andreas Christensen,CB,3108,1,0,0,0,3,2,0,0,4,4,0,0,6,24,0,0,0,0,0,0,0
Harry Maguire,CB,3060,1,0,0,0,8,4,6,0,4,8,0,0,4,27,0,0,0,0,0,0,0
Nico Elvedi,CB,3060,0,0,0,0,2,0,2,0,2,3,0,2,10,24,0,0,0,0,0,0,0
Manuel Akanji,CB,3060,0,0,0,0,5,0,2,0,4,3,0,0,12,24,0,0,0,0,0,0,0
Lorenzo Insigne,"LW,FW",3042,2,0,0,0,19,7,2,0,1,3,4,40,2,9,0,0,0,0,0,0,0
Jannik Vestergaard,CB,2910,0,0,0,0,6,3,0,0,9,2,0,0,10,24,0,0,1,0,0,0,0
Mykola Matviyenko,CB,2880,0,0,0,0,0,0,0,0,4,1,0,2,6,36,0,0,0,0,0,0,0
Oleksandr Karavayev,"RB,WB",2880,0,2,0,0,5,0,0,0,2,8,0,18,10,21,0,0,1,0,0,0,0
Illia Zabarnyi,CB,2880,0,0,0,0,2,1,0,0,2,3,0,0,8,30,0,0,0,0,0,0,0
Oleksandr Zinchenko,"LM,CM",2880,1,2,0,0,2,1,0,0,3,4,0,28,14,12,0,0,0,0,0,0,0
Koke,RM,2862,0,0,0,0,7,1,0,0,6,11,0,60,22,0,0,1,0,0,0,0,0
Ricardo Rodríguez,"LB,CB",2856,0,0,0,1,2,0,2,0,2,4,0,46,8,15,0,0,0,0,0,0,0
Nicolò Barella,RM,2814,1,2,0,0,5,2,4,0,6,10,1,4,4,6,0,0,0,0,0,0,0
Mason Mount,AM,2772,0,0,0,0,7,2,0,0,5,8,0,52,12,3,0,0,0,0,0,0,0
Remo Freuler,"DM,CM",2754,0,2,0,0,0,0,0,2,7,6,0,6,10,21,0,0,0,0,0,0,0
Thomas Delaney,CM,2742,1,0,0,0,7,1,2,0,14,3,0,22,10,21,0,0,0,0,0,0,0
Hugo Lloris,GK,2700,0,0,0,0,0,0,2,0,1,0,0,0,2,0,0,0,1,14,6,7,0
Robin Olsen,GK,2700,0,0,0,0,0,0,0,0,0,0,0,0,0,0,0,0,0,15,4,11,0
Tomáš Kalas,CB,2700,0,4,0,0,1,0,2,0,5,2,0,0,6,15,0,0,0,0,0,0,0
Tomáš Souček,"CM,DM",2700,0,0,0,0,11,1,0,0,8,3,0,6,10,6,0,0,0,0,0,0,0
Daniel Bachmann,GK,2700,0,0,0,0,0,0,2,0,0,1,0,0,0,0,0,0,0,12,5,7,0
Vladimír Coufal,RB,2700,0,2,0,0,3,0,2,0,4,4,0,40,12,18,0,0,0,0,0,0,0
Dominik Livaković,GK,2700,0,0,0,0,0,0,0,0,0,0,0,0,0,0,0,0,0,16,8,8,0
Álvaro Morata,LW,2694,3,0,0,1,16,8,0,0,8,16,4,2,8,6,0,0,0,0,0,0,0
Andriy Yarmolenko,"RW,FW",2664,2,4,0,0,10,5,2,0,5,7,2,18,4,0,0,0,0,0,0,0,0
Romelu Lukaku,FW,2658,4,0,1,1,12,5,0,0,6,3,5,2,4,0,0,0,0,0,0,0,0
Giorgio Chiellini,CB,2658,0,0,0,0,2,1,2,0,5,1,1,0,4,27,0,0,0,0,0,0,0
Ciro Immobile,FW,2640,2,2,0,0,18,3,0,0,6,3,6,0,0,0,0,0,0,0,0,0,0
Federico Chiesa,"RW,LW",2634,2,0,0,0,17,6,0,0,5,3,0,18,6,0,0,0,0,0,0,0,0
Roman Yaremchuk,FW,2574,2,2,0,0,11,6,0,0,7,1,3,0,4,0,0,0,0,0,0,0,0
Ondřej Čelůstka,CB,2544,0,0,0,0,0,0,0,0,4,1,0,2,6,18,0,0,0,0,0,0,0
Danny Ward,GK,2520,0,0,0,0,0,0,0,0,0,1,0,0,0,0,0,0,0,23,6,17,0
Maarten Stekelenburg,GK,2520,0,0,0,0,0,0,0,0,0,0,0,0,0,0,0,0,0,12,4,8,0
Manuel Neuer,GK,2520,0,0,0,0,0,0,0,0,0,0,0,0,0,0,0,0,0,11,7,5,0
Rui Patrício,GK,2520,0,0,0,0,0,0,0,0,0,0,0,0,0,0,0,0,0,16,7,11,0
César Azpilicueta,RB,2400,1,0,0,0,5,3,0,0,4,1,0,8,2,3,0,0,0,0,0,0,0
Patrik Schick,FW,2400,5,0,1,1,15,8,0,0,5,2,2,0,8,0,0,1,0,0,0,0,0
Marco Verratti,LM,2382,0,4,0,0,4,2,2,0,8,11,0,14,18,18,0,0,0,0,0,0,0
Sergio Busquets,CM,2376,0,0,0,0,3,1,4,0,7,7,0,0,8,27,0,0,0,0,0,0,0
Presnel Kimpembe,"CB,LB",2340,0,0,0,0,0,0,2,0,6,6,0,0,6,6,0,0,0,0,0,0,0
David Alaba,LB,2340,0,4,0,0,2,0,2,0,3,2,0,56,8,9,0,0,1,0,0,0,0
Marcel Sabitzer,AM,2340,0,2,0,0,11,0,0,0,7,5,1,10,6,9,0,0,0,0,0,0,0
Granit Xhaka,CM,2340,0,2,0,0,4,0,4,0,8,7,0,4,14,6,0,0,0,0,0,0,0
Kylian Mbappé,FW,2340,0,2,0,0,14,3,0,0,2,4,4,22,0,3,0,1,0,0,0,0,0
Raphaël Varane,CB,2340,0,0,0,0,2,0,2,0,2,3,0,0,4,9,0,0,0,0,0,0,0
Martin Hinteregger,CB,2340,0,0,0,0,4,0,2,0,7,3,0,4,10,18,0,0,0,0,0,0,0
Domagoj Vida,CB,2340,0,0,0,0,0,0,0,0,5,2,0,0,2,9,0,0,0,0,0,0,0
Victor Lindelöf,CB,2340,0,0,0,0,0,0,0,0,0,1,0,0,0,9,0,0,0,0,0,0,0
N'Golo Kanté,"CM,DM",2340,0,0,0,0,1,0,0,0,8,1,1,0,10,42,0,0,0,0,0,0,0
Albin Ekdal,CM,2322,0,0,0,0,2,0,0,0,9,6,0,0,6,18,0,0,0,0,0,0,0
Luka Modrić,"RM,CM",2298,1,2,0,0,3,2,0,0,3,5,0,16,8,12,0,0,0,0,0,0,0
Stefan Lainer,RB,2298,1,0,0,0,3,1,2,0,3,7,1,30,14,21,0,0,0,0,0,0,0
Haris Seferović,FW,2274,3,0,0,0,13,5,0,0,8,3,1,4,0,6,0,0,0,0,0,0,0
Dani Olmo,FW,2268,0,6,0,0,21,7,0,0,9,13,0,34,8,15,0,0,0,0,0,0,0
Leonardo Spinazzola,LB,2268,0,4,0,0,7,2,0,0,1,2,0,22,2,12,0,0,0,0,0,0,0
Paul Pogba,"CM,RM",2250,1,2,0,0,8,2,0,0,7,11,1,6,6,12,0,0,0,0,0,0,0
Domenico Berardi,RW,2244,0,2,0,0,14,2,2,0,7,5,3,22,0,15,0,0,0,0,0,0,0
Pau Torres,CB,2244,0,2,0,0,3,1,2,0,2,1,0,0,4,3,0,0,0,0,0,0,0
Serhiy Sydorchuk,CM,2232,0,0,0,0,2,0,2,0,5,1,0,0,4,18,0,0,0,0,0,0,0
Joško Gvardiol,"LB,CB",2214,0,0,0,0,3,3,0,0,4,5,0,12,6,15,0,0,0,0,0,0,0
Emil Forsberg,LM,2214,4,0,1,1,13,3,2,0,5,3,0,24,2,9,0,0,0,0,0,0,0
Marcus Danielsson,CB,2208,0,0,0,0,1,0,2,2,3,2,0,0,2,21,0,0,0,0,0,0,0
Xaver Schlager,DM,2202,0,0,0,0,5,1,0,0,3,4,0,2,22,9,0,0,0,0,0,0,0
Ferrán Torres,LW,2196,2,2,0,0,8,3,0,0,4,7,3,30,8,12,0,0,0,0,0,0,0
Sebastian Larsson,RM,2196,0,0,0,0,4,2,0,0,3,1,2,40,4,21,0,0,0,0,0,0,0
Xherdan Shaqiri,AM,2196,3,2,0,0,11,5,0,0,5,3,2,54,2,6,0,0,0,0,0,0,0
Breel Embolo,RW,2190,1,0,0,0,11,4,2,0,3,9,1,4,6,0,0,0,0,0,0,0,0
Georginio Wijnaldum,"AM,RM",2160,3,0,0,0,10,4,0,0,4,6,0,2,8,9,0,0,0,0,0,0,0
Cristiano Ronaldo,"FW,LW",2160,5,2,3,3,12,4,0,0,0,9,2,10,2,0,0,0,0,0,0,0,0
Raphaël Guerreiro,LB,2160,1,0,0,0,3,1,0,0,2,0,0,22,10,3,1,0,0,0,0,0,0
Toby Alderweireld,CB,2160,0,0,0,0,2,0,2,0,2,2,0,0,4,6,0,0,0,0,0,0,0
Toni Kroos,CM,2160,0,0,0,0,4,0,0,0,6,7,0,32,20,21,0,0,0,0,0,0,0
Pepe,CB,2160,0,0,0,0,1,1,2,0,2,4,0,4,12,9,0,0,0,0,0,0,0
Joe Rodon,CB,2160,0,0,0,0,1,1,2,0,2,2,0,0,0,15,0,0,0,0,0,0,0
Joshua Kimmich,WB,2160,0,2,0,0,1,1,2,0,2,6,1,42,6,3,0,0,0,0,0,0,0
Antonio Rüdiger,CB,2160,0,0,0,0,2,1,0,0,3,1,0,2,2,3,0,0,0,0,0,0,0
Rúben Dias,CB,2160,0,0,0,0,1,1,2,0,4,2,0,0,6,9,1,0,0,0,0,0,0
Jan Bořil,LB,2160,0,0,0,0,1,0,4,0,8,3,1,14,6,27,0,0,0,0,0,0,0
Thorgan Hazard,WB,2148,2,0,0,0,4,3,2,0,11,2,0,10,14,15,0,0,0,0,0,0,0
Gareth Bale,"RW,LW",2130,0,4,0,1,9,2,2,0,3,6,0,20,0,9,0,1,0,0,0,0,0
Vitaliy Mykolenko,"LB,WB",2124,0,0,0,0,0,0,0,0,0,2,0,12,16,24,0,0,0,0,0,0,0
Aaron Ramsey,"AM,DM",2118,1,0,0,0,7,3,0,0,5,8,0,8,6,6,0,0,0,0,0,0,0
Antoine Griezmann,"RM,CM,AM",2118,1,0,0,0,7,3,2,0,2,5,2,38,14,6,0,0,0,0,0,0,0
Ludwig Augustinsson,LB,2094,0,0,0,0,1,1,0,0,2,1,0,26,4,3,0,0,0,0,0,0,0
Frenkie de Jong,CM,2088,0,0,0,0,0,0,2,0,2,6,0,2,10,21,0,0,0,0,0,0,0
Jan Vertonghen,CB,2076,0,0,0,0,0,0,0,0,1,3,0,0,6,6,0,0,0,0,0,0,0
Karim Benzema,FW,2076,4,0,1,1,10,4,0,0,0,0,0,0,2,3,0,0,0,0,0,0,0
Matthias Ginter,CB,2064,0,0,0,0,1,1,4,0,4,2,0,22,12,9,0,0,0,0,0,0,0
Youri Tielemans,CM,2028,0,0,0,0,2,0,2,0,5,6,0,8,6,9,0,0,0,0,0,0,0
Mateo Kovačić,LM,2028,0,2,0,0,4,1,2,0,4,5,0,0,6,6,0,0,0,0,0,0,0
Aleksandar Dragović,CB,2028,0,0,0,0,1,0,2,0,5,3,0,4,10,27,0,0,0,0,0,0,0
Joe Allen,DM,2022,0,0,0,0,2,0,2,0,5,3,0,0,6,12,0,0,0,0,0,0,0
Kristoffer Olsson,CM,2016,0,0,0,0,1,0,2,0,4,4,0,4,2,15,0,0,0,0,0,0,0
Konrad Laimer,RW,1998,0,2,0,0,2,1,0,0,11,1,0,6,4,3,0,0,0,0,0,0,0
Mats Hummels,CB,1992,0,2,0,0,5,0,0,0,1,1,0,0,4,30,1,0,0,0,0,0,0
Thomas Meunier,WB,1974,1,4,0,0,4,1,0,0,2,2,0,16,12,18,0,0,0,0,0,0,0
Mikkel Damsgaard,LW,1950,2,2,0,0,9,3,2,0,4,6,1,10,2,24,0,0,0,0,0,0,0
Memphis,FW,1950,2,4,1,1,11,3,0,0,3,8,3,44,0,3,0,0,0,0,0,0,0
Mykola Shaparenko,"RM,CM",1926,0,0,0,0,3,1,2,0,3,0,0,10,12,9,0,0,0,0,0,0,0
Alexander Isak,FW,1926,0,4,0,0,8,1,0,0,4,1,0,0,4,9,0,0,0,0,0,0,0
Diogo Jota,LW,1926,1,2,0,0,8,3,0,0,4,5,2,6,4,3,0,0,0,0,0,0,0
Lukáš Masopust,RW,1914,0,0,0,0,1,1,2,0,6,3,2,10,8,9,0,0,0,0,0,0,0
Robin Gosens,WB,1902,1,2,0,0,5,4,2,0,3,1,0,14,0,12,0,0,0,0,0,0,0
Péter Gulácsi,GK,1890,0,0,0,0,0,0,0,0,0,0,0,0,0,0,0,0,0,17,6,11,0
Uğurcan Çakır,GK,1890,0,0,0,0,0,0,0,0,0,0,0,0,0,0,0,0,0,25,8,18,0
Stole Dimitrievski,GK,1890,0,0,0,0,0,0,0,0,0,1,0,0,0,3,0,0,0,20,8,11,0
Stefan de Vrij,CB,1890,0,0,0,0,1,1,0,0,4,0,0,0,6,9,0,0,0,0,0,0,0
David Marshall,GK,1890,0,0,0,0,0,0,0,0,0,1,0,0,0,0,0,0,0,14,5,9,0
Lukáš Hrádecký,GK,1890,0,0,0,0,0,0,0,0,0,2,0,0,0,0,1,0,0,16,3,13,0
Wojciech Szczęsny,GK,1890,0,0,0,0,0,0,0,0,0,0,0,0,0,0,1,0,0,11,6,6,0
Martin Dúbravka,GK,1890,0,0,0,0,0,0,2,0,1,0,0,0,0,0,1,0,1,16,7,10,0
Denzel Dumfries,"WB,RB",1890,2,0,0,0,6,4,2,0,3,7,1,12,4,6,0,1,0,0,0,0,0
Mikael Lustig,RB,1878,0,0,0,0,1,0,2,0,3,4,0,14,6,12,0,0,0,0,0,0,0
Daniel James,"LW,RW",1878,0,0,0,0,4,2,0,0,2,7,0,48,4,3,0,0,0,0,0,0,0
Connor Roberts,RB,1854,1,0,0,0,2,1,0,0,0,5,0,6,0,6,0,0,0,0,0,0,0
Adrien Rabiot,"LB,WB,LM",1824,0,0,0,0,3,0,0,0,7,3,1,6,6,18,0,0,0,0,0,0,0
Axel Witsel,CM,1812,0,0,0,0,2,1,0,0,4,4,0,2,2,0,0,0,0,0,0,0,0
Kai Havertz,AM,1806,2,0,0,0,11,5,2,0,9,5,0,8,2,0,0,0,0,0,0,0,0
Benjamin Pavard,"RB,WB",1800,0,0,0,0,1,1,4,0,5,2,0,14,18,12,0,0,1,0,0,0,0
Tomáš Holeš,DM,1788,1,2,0,0,6,4,0,0,2,5,0,0,16,24,0,0,0,0,0,0,0
Joe Morrell,DM,1788,0,2,0,0,1,0,0,0,4,3,0,4,4,12,0,0,0,0,0,0,0
Patrick van Aanholt,WB,1782,0,0,0,0,4,0,0,0,4,1,1,12,6,9,0,0,0,0,0,0,0
Daley Blind,CB,1776,0,0,0,0,0,0,0,0,1,1,0,4,14,12,0,0,0,0,0,0,0
Yussuf Poulsen,"FW,LW",1770,2,0,0,0,7,4,0,0,7,4,0,16,4,3,0,1,0,0,0,0,0
Silvan Widmer,"RB,WB",1764,0,0,0,0,1,0,2,0,5,2,0,4,4,12,0,0,0,0,0,0,0
Emerson Palmieri,LB,1752,0,0,0,0,3,1,0,0,3,3,2,10,4,3,0,0,0,0,0,0,0
Thomas Müller,AM,1752,0,0,0,0,6,1,0,0,3,3,1,12,2,6,0,0,0,0,0,0,0
Kieran Trippier,WB,1746,0,2,0,0,1,0,0,0,2,1,2,30,6,9,0,0,0,0,0,0,0
Kieffer Moore,FW,1728,1,0,0,0,6,2,4,0,5,9,0,0,0,3,0,0,0,0,0,0,0
Jens Stryger Larsen,RM,1728,0,2,0,0,0,0,0,0,2,1,0,54,0,3,0,0,0,0,0,0,0
Thomas Vermaelen,CB,1710,0,0,0,0,1,0,2,0,3,1,0,0,6,21,0,0,0,0,0,0,0
Ruslan Malinovskyi,CM,1704,0,2,0,1,9,3,0,0,5,4,1,18,2,3,0,0,0,0,0,0,0
Steven Zuber,"LW,WB,LM",1704,0,8,0,0,6,4,0,0,2,8,2,24,4,6,0,1,0,0,0,0,0
Marcelo Brozović,CM,1698,0,0,0,0,1,0,4,0,7,1,0,0,2,6,0,0,0,0,0,0,0
Gerard Moreno,RW,1662,0,4,0,1,15,5,0,0,2,6,0,20,4,6,0,1,0,0,0,0,0
Ben Davies,LB,1650,0,0,0,0,3,0,2,0,3,2,0,10,6,9,0,0,0,0,0,0,0
Manuel Locatelli,LM,1638,2,0,0,0,5,3,0,0,7,0,0,4,14,6,0,0,0,0,0,0,0
Kevin De Bruyne,"AM,CM",1626,1,4,0,0,5,3,0,0,5,1,0,30,2,0,0,0,0,0,0,0,0
Milan Škriniar,CB,1620,1,0,0,0,1,1,2,0,3,2,0,0,4,12,0,0,0,0,0,0,0
Attila Szalai,CB,1620,0,0,0,0,0,0,0,0,3,1,0,0,8,3,0,0,0,0,0,0,0
Andrew Robertson,WB,1620,0,0,0,0,1,1,0,0,4,0,1,66,2,9,0,0,0,0,0,0,0
Willi Orban,CB,1620,0,0,0,0,0,0,2,0,1,1,0,0,4,0,0,0,1,0,0,0,0
John McGinn,CM,1620,0,0,0,0,7,1,2,0,4,7,0,4,8,12,0,0,0,0,0,0,0
Burak Yılmaz,FW,1620,0,0,0,0,10,1,2,0,7,2,4,8,4,0,0,0,0,0,0,0,0
Bartosz Bereszyński,CB,1620,0,0,0,0,2,1,0,0,2,2,0,12,4,27,0,0,0,0,0,0,0
Paulus Arajuuri,CB,1620,0,0,0,0,1,0,0,0,2,3,0,0,0,15,0,0,1,0,0,0,0
Juraj Kucka,DM,1620,0,0,0,0,5,1,0,0,10,7,2,0,10,24,1,0,0,0,0,0,0
Kamil Glik,CB,1620,0,0,0,0,1,0,2,0,6,4,0,0,2,18,0,0,0,0,0,0,0
Robert Lewandowski,FW,1620,3,0,0,0,12,4,2,0,5,3,0,12,0,3,0,0,0,0,0,0,0
Çağlar Söyüncü,CB,1620,0,0,0,0,1,0,4,0,6,0,0,4,4,0,0,0,0,0,0,0,0
Aleksandr Golovin,AM,1620,0,0,0,0,5,1,0,0,4,5,1,36,8,3,0,0,0,0,0,0,0
Chris Mepham,CB,1620,0,0,0,0,1,0,2,0,2,1,0,0,6,15,0,0,0,0,0,0,0
Scott McTominay,CB,1620,0,0,0,0,3,0,0,0,1,3,0,4,6,18,0,0,0,0,0,0,0
Elif Elmas,"AM,LW",1620,0,0,0,0,6,0,0,0,2,2,0,2,6,6,0,0,0,0,0,0,0
Stefan Ristovski,RB,1620,0,0,0,0,2,0,2,0,3,2,0,14,8,24,0,0,0,0,0,0,0
Endre Botka,CB,1620,0,0,0,0,0,0,4,0,4,3,0,0,8,18,0,0,0,0,0,0,0
Daniel O'Shaughnessy,CB,1620,0,0,0,0,0,0,2,0,1,0,0,6,2,24,0,0,0,0,0,0,0
Glen Kamara,CM,1620,0,0,0,0,1,1,2,0,3,8,0,2,4,30,0,0,0,0,0,0,0
Georgi Dzhikiya,CB,1620,0,0,0,0,0,0,2,0,2,2,0,2,8,3,0,0,0,0,0,0,0
Zeki Çelik,RB,1620,0,0,0,0,1,0,2,0,6,2,0,12,2,30,0,0,1,0,0,0,0
Ľubomír Šatka,CB,1620,0,0,0,0,0,0,0,0,0,0,0,0,4,21,0,0,0,0,0,0,0
Ezgjan Alioski,LB,1620,1,0,0,1,2,1,4,0,5,4,0,28,10,3,0,0,0,0,0,0,0
Bukayo Saka,"RW,AM,DM",1614,0,0,0,0,0,0,0,0,3,10,0,8,4,9,0,0,0,0,0,0,0
Robin Lod,"CM,FW",1614,0,0,0,0,2,0,2,0,3,3,1,6,12,3,0,0,0,0,0,0,0
Daniel Wass,"RW,RB,WB",1608,0,0,0,0,4,2,4,0,3,6,0,30,8,15,0,0,0,0,0,0,0
Ádám Nagy,CM,1602,0,0,0,0,0,0,0,0,2,1,0,0,10,12,0,0,0,0,0,0,0
Visar Musliu,CB,1590,0,0,0,0,1,0,2,0,5,1,0,0,6,9,0,0,0,0,0,0,0
Hakan Çalhanoğlu,LM,1590,0,2,0,0,1,1,4,0,7,4,0,24,4,6,0,0,0,0,0,0,0
Artem Dzyuba,FW,1584,1,2,1,1,4,1,0,0,8,3,7,0,0,0,0,0,0,0,0,0,0
Joona Toivio,CB,1584,0,0,0,0,1,0,0,0,0,3,0,2,6,18,0,0,0,0,0,0,0
Darko Velkovski,CB,1584,0,0,0,0,1,0,2,0,4,1,0,0,4,15,0,0,0,0,0,0,0
Jan Bednarek,CB,1584,0,0,0,0,1,0,0,0,1,2,0,0,8,18,0,0,0,0,0,0,0
Piotr Zieliński,AM,1584,0,2,0,0,7,2,0,0,4,5,1,38,4,3,0,0,0,0,0,0,0
Attila Fiola,LB,1584,1,0,0,0,2,1,2,0,9,0,0,4,14,3,0,0,0,0,0,0,0
Tomáš Hubočan,LB,1578,0,0,0,0,0,0,2,0,5,0,0,6,8,9,0,0,0,0,0,0,0
Ivan Perišić,LW,1560,2,2,0,0,7,3,0,0,1,1,2,18,4,9,0,0,0,0,0,0,0
Nélson Semedo,RB,1548,0,0,0,0,0,0,0,0,3,3,0,18,18,3,0,0,1,0,0,0,0
Lyndon Dykes,FW,1548,0,0,0,0,6,2,0,0,3,2,0,0,0,0,0,0,0,0,0,0,0
Marek Hamšík,AM,1530,0,2,0,0,4,0,0,0,0,0,0,12,2,0,0,0,0,0,0,0,0
Pablo Sarabia,LW,1518,2,2,0,0,8,4,0,0,1,2,1,42,4,6,0,0,0,0,0,0,0
Jukka Raitala,"RB,LB",1518,0,0,0,0,0,0,0,0,5,1,0,12,4,9,0,0,0,0,0,0,0
Arijan Ademi,DM,1506,0,0,0,0,1,1,0,0,0,3,1,0,8,21,0,0,0,0,0,0,0
Stephen O'Donnell,WB,1506,0,0,0,0,1,1,2,0,4,4,0,14,2,6,0,0,0,0,0,0,0
Serge Gnabry,FW,1494,0,0,0,0,4,1,0,0,4,0,1,6,4,0,0,0,0,0,0,0,0
Jere Uronen,LB,1494,0,2,0,0,0,0,0,0,2,3,0,10,2,18,0,0,0,0,0,0,0
Goran Pandev,FW,1488,1,0,0,0,2,1,0,0,1,8,1,0,0,3,0,1,0,0,0,0,0
Eric García,CB,1488,0,0,0,0,1,0,0,0,2,2,0,0,2,12,0,0,0,0,0,0,0
Vladimír Darida,RM,1482,0,0,0,0,2,1,0,0,1,6,0,28,4,3,0,0,0,0,0,0,0
László Kleinheisler,CM,1482,0,0,0,0,1,1,0,0,1,10,0,10,6,12,0,0,0,0,0,0,0
Marcos Llorente,RB,1482,0,0,0,0,4,1,0,0,5,1,0,18,4,0,0,0,0,0,0,0,0
Jakub Jankto,LM,1476,0,0,0,0,3,0,0,0,1,1,1,40,0,0,0,0,0,0,0,0,0
Christoph Baumgartner,LW,1476,1,0,0,0,3,2,0,0,5,7,0,2,8,0,0,0,0,0,0,0,0
Joel Pohjanpalo,FW,1452,1,0,0,0,7,1,0,0,4,2,1,0,0,3,0,0,0,0,0,0,0
Roman Zobnin,CM,1452,0,0,0,0,3,0,0,0,5,6,0,2,10,15,0,0,0,0,0,0,0
Bernardo Silva,RW,1440,0,0,0,0,0,0,0,0,5,3,0,12,4,3,0,0,0,0,0,0,0
Kamil Jóźwiak,WB,1440,0,2,0,0,0,0,2,0,5,6,0,26,6,3,0,0,0,0,0,0,0
Roland Sallai,FW,1440,0,2,0,0,8,3,0,0,5,8,0,14,0,0,0,0,0,0,0,0,0
Danilo Pereira,CM,1428,0,0,0,0,1,1,0,0,4,5,0,0,4,15,0,1,0,0,0,0,0
Teemu Pukki,FW,1428,0,0,0,0,4,1,0,0,4,2,0,4,0,3,0,0,0,0,0,0,0
Marten de Roon,CM,1410,0,0,0,0,1,0,2,0,2,0,0,4,2,12,0,0,0,0,0,0,0
Enis Bardhi,DM,1404,0,0,0,0,5,1,0,0,2,6,0,6,4,6,0,0,0,0,0,0,0
Francesco Acerbi,CB,1392,0,2,0,0,1,0,0,0,0,3,0,0,2,18,0,0,0,0,0,0,0
Peter Pekarík,RB,1392,0,0,0,0,1,0,0,0,2,2,0,6,4,6,0,0,0,0,0,0,0
Matthijs de Ligt,CB,1386,0,0,0,0,4,0,0,2,3,0,0,0,8,3,0,0,0,0,0,0,0
Róbert Mak,LW,1380,0,0,0,0,1,0,0,0,0,2,1,14,0,3,0,0,0,0,0,0,0
Petr Ševčík,"LW,RM",1368,0,0,0,0,1,0,0,0,0,4,0,20,4,6,0,0,0,0,0,0,0
András Schäfer,CM,1368,1,0,0,0,2,1,0,0,4,2,0,0,2,18,0,0,0,0,0,0,0
Rodri,RM,1362,0,0,0,0,3,1,2,0,3,3,0,4,6,9,0,0,0,0,0,0,0
Eden Hazard,AM,1362,0,2,0,0,5,2,0,0,1,6,0,2,0,3,0,0,0,0,0,0,0
Andrej Kramarić,FW,1356,0,2,0,0,4,2,0,0,0,3,3,4,0,0,0,0,0,0,0,0,0
Florian Grillitsch,DM,1350,0,0,0,0,1,0,0,0,2,4,0,2,4,21,0,0,0,0,0,0,0
Igor Diveev,CB,1350,0,0,0,0,1,0,2,0,3,2,0,0,6,9,0,0,0,0,0,0,0
Merih Demiral,CB,1350,0,0,0,0,3,1,0,0,1,1,0,0,0,15,1,0,0,0,0,0,0
Kasper Dolberg,FW,1344,3,0,0,0,7,5,0,0,6,6,1,0,2,0,0,0,0,0,0,0,0
Ondrej Duda,FW,1344,0,0,0,0,2,0,4,0,4,8,1,8,4,0,0,0,0,0,0,0,0
Andrea Belotti,FW,1320,0,0,0,0,9,2,0,0,2,12,7,2,6,3,0,0,0,0,0,0,0
İlkay Gündoğan,"CM,LM",1314,0,0,0,0,1,0,2,0,3,2,1,0,6,3,0,0,0,0,0,0,0
Renato Sanches,LM,1314,0,0,0,0,4,1,0,0,4,6,0,8,6,9,0,0,0,0,0,0,0
Marko Arnautović,FW,1302,1,0,0,0,8,3,2,0,5,3,2,2,2,3,0,0,0,0,0,0,0
Kevin Mbabu,RB,1296,0,2,0,0,2,0,2,0,4,5,0,8,10,15,0,0,0,0,0,0,0
Che Adams,FW,1278,0,0,0,0,7,1,0,0,3,1,1,4,2,3,0,0,0,0,0,0,0
Grant Hanley,CB,1272,0,0,0,0,2,0,0,0,1,1,0,0,4,6,0,0,0,0,0,0,0
Duje Ćaleta-Car,CB,1260,0,0,0,0,0,0,4,0,6,0,0,0,8,12,0,0,0,0,0,0,0
Magomed Ozdoyev,CM,1260,0,0,0,0,4,0,2,0,4,2,0,10,8,9,0,0,0,0,0,0,0
Matvei Safonov,GK,1260,0,0,0,0,0,0,0,0,0,0,0,0,0,0,0,0,0,11,4,7,0
Mateusz Klich,CM,1260,0,0,0,0,1,0,2,0,4,2,0,22,4,3,0,0,0,0,0,0,0
Loïc Nego,"RB,CM",1236,0,0,0,0,1,0,2,0,2,3,0,2,8,3,0,0,0,0,0,0,0
Bruno Fernandes,RM,1236,0,0,0,0,4,1,0,0,1,3,1,40,4,0,0,0,0,0,0,0,0
Cengiz Ünder,RM,1236,0,0,0,0,8,1,0,0,3,3,0,28,6,3,0,0,0,0,0,0,0
Mário Fernandes,WB,1230,0,0,0,0,2,1,0,0,0,4,0,6,4,6,0,0,0,0,0,0,0
Callum McGregor,CM,1224,1,0,0,0,2,1,0,0,1,1,0,2,4,9,0,0,0,0,0,0,0
Nikola Vlašić,RW,1218,1,0,0,0,3,1,0,0,2,1,1,0,0,3,0,0,0,0,0,0,0
Ante Rebić,LW,1188,0,0,0,0,5,2,0,0,7,1,2,0,8,3,0,0,0,0,0,0,0
Ádám Szalai,FW,1176,1,4,0,0,5,4,2,0,4,7,1,4,0,6,0,0,0,0,0,0,0
Wout Weghorst,"FW,CB",1158,1,0,0,0,5,2,0,0,7,2,2,0,4,0,0,0,0,0,0,0,0
Tyrone Mings,CB,1152,0,0,0,0,0,0,0,0,1,1,0,0,0,15,0,0,0,0,0,0,0
Matteo Pessina,RM,1152,2,0,0,0,4,3,2,0,2,1,1,0,4,6,0,0,0,0,0,0,0
Fabian Schär,CM,1146,0,0,0,0,2,1,2,0,3,2,0,0,0,6,0,0,0,0,0,0,0
Daler Kuzyaev,WB,1110,0,0,0,0,1,1,0,0,2,1,0,8,6,3,0,0,0,0,0,0,0
Taras Stepanenko,CM,1104,0,0,0,0,2,0,0,0,3,2,0,2,2,6,0,0,0,0,0,0,0
Antonín Barák,"CM,AM",1098,0,0,0,0,3,1,0,0,2,0,0,24,0,9,0,0,0,0,0,0,0
Dries Mertens,AM,1086,0,2,0,0,1,1,0,0,5,1,1,8,2,6,0,0,0,0,0,0,0
Šime Vrsaljko,RB,1080,0,0,0,0,0,0,0,0,2,1,0,20,2,3,0,0,0,0,0,0,0
Andreas Ulmer,"LW,LM",1080,0,0,0,0,0,0,0,0,0,1,0,12,2,0,0,0,0,0,0,0,0
Dedryck Boyata,CB,1080,0,0,0,0,0,0,0,0,1,0,0,0,4,9,0,0,0,0,0,0,0
Dejan Lovren,CB,1080,0,0,0,0,1,0,4,0,3,1,0,0,0,0,0,0,1,0,0,0,0
Jason Denayer,CB,1080,0,0,0,0,1,0,0,0,2,0,0,0,0,6,0,0,0,0,0,0,0
Kieran Tierney,CB,1080,0,0,0,0,1,0,0,0,1,2,0,6,0,3,0,0,0,0,0,0,0
Kaan Ayhan,DM,1080,0,0,0,0,3,2,0,0,2,2,0,2,0,6,0,0,0,0,0,0,0
Lukáš Haraslín,RW,1080,0,0,0,0,3,0,0,0,1,8,1,2,4,6,0,0,0,0,0,0,0
Marcus Berg,"CM,FW",1068,0,0,0,0,2,0,0,0,6,3,0,0,0,0,0,0,0,0,0,0,0
Jack Grealish,LW,1056,0,4,0,0,2,1,0,0,4,11,0,4,0,3,0,0,0,0,0,0,0
Aleksandar Trajkovski,LW,1044,0,0,0,0,6,2,2,0,7,0,0,4,0,6,0,0,0,0,0,0,0
Bruno Petković,FW,1032,0,0,0,0,2,0,0,0,4,7,3,0,0,6,0,0,0,0,0,0,0
Aleksei Miranchuk,AM,1032,1,0,0,0,2,1,0,0,0,4,0,4,4,0,0,0,0,0,0,0,0
Ozan Tufan,CM,1026,0,0,0,0,2,0,0,0,1,2,0,0,2,6,0,0,0,0,0,0,0
Ruben Vargas,"RM,FW,RW",1020,0,0,0,0,1,0,0,0,0,3,2,10,6,9,0,0,0,0,0,0,0
Mikel Oyarzabal,RW,1002,1,0,0,0,9,4,0,0,0,1,0,18,0,3,0,0,0,0,0,0,0
Christian Nørgaard,"DM,LM,CM",996,0,0,0,0,0,0,0,0,1,3,0,2,2,9,0,0,0,0,0,0,0
Jeremy Doku,AM,990,0,0,0,0,3,1,0,0,3,5,0,8,0,0,0,1,0,0,0,0,0
Karol Świderski,"FW,WB",978,0,0,0,0,5,1,0,0,0,2,0,4,2,0,0,0,0,0,0,0,0
Josip Juranović,RB,978,0,0,0,0,1,0,0,0,0,3,0,8,0,3,0,0,0,0,0,0,0
Umut Meraş,LB,966,0,0,0,0,1,0,0,0,2,0,0,4,2,12,0,0,0,0,0,0,0
Kenan Karaman,RM,960,0,0,0,0,2,0,0,0,3,2,0,2,0,6,0,0,0,0,0,0,0
Rafael Tolói,RB,954,0,2,0,0,2,0,2,0,4,0,0,4,4,6,0,0,0,0,0,0,0
Phil Foden,"LM,AM",948,0,0,0,0,2,0,2,0,3,2,1,8,0,0,0,0,0,0,0,0,0
Mario Gavranović,FW,930,1,0,0,0,1,1,4,0,4,2,5,2,0,0,0,0,0,0,0,0,0
João Moutinho,RM,924,0,0,0,0,3,0,0,0,1,3,0,12,4,6,0,0,0,0,0,0,0
Serhiy Kryvtsov,CB,924,0,0,0,0,0,0,0,0,1,1,0,0,0,3,0,0,0,0,0,0,0
Jordan Henderson,DM,924,1,0,0,0,1,1,0,0,2,1,1,6,0,3,0,0,0,0,0,0,0
Tymoteusz Puchacz,WB,912,0,0,0,0,1,0,0,0,2,4,0,18,2,0,0,0,0,0,0,0,0
Stuart Armstrong,CM,900,0,0,0,0,2,0,0,0,2,1,0,8,4,3,0,0,0,0,0,0,0
Leander Dendoncker,"CM,WB",894,0,0,0,0,1,0,0,0,5,2,0,2,2,9,0,0,0,0,0,0,0
Donyell Malen,FW,894,0,4,0,0,3,0,0,0,1,3,1,6,0,0,0,0,0,0,0,0,0
Mathias Jensen,CM,876,0,2,0,0,2,0,2,0,4,1,0,30,0,0,0,0,0,0,0,0,0
Jurriën Timber,CB,852,0,0,0,0,1,1,0,0,1,1,0,0,10,3,0,0,0,0,0,0,0
Viktor Tsyhankov,LW,852,0,0,0,0,1,0,0,0,3,2,0,6,4,0,0,0,0,0,0,0,0
Leon Goretzka,CM,846,1,0,0,0,5,2,0,0,3,1,0,0,2,3,0,0,0,0,0,0,0
Grzegorz Krychowiak,CM,828,0,0,0,0,4,1,6,2,4,4,0,4,0,6,0,0,0,0,0,0,0
Yannick Carrasco,"AM,WB",828,0,0,0,0,1,0,0,0,0,0,0,8,0,0,0,0,0,0,0,0,0
Neco Williams,RB,822,0,0,0,0,0,0,0,0,0,1,0,8,0,3,0,0,0,0,0,0,0
William Carvalho,CM,822,0,0,0,0,0,0,0,0,2,1,0,4,4,3,0,0,0,0,0,0,0
Vyacheslav Karavayev,CB,822,0,0,0,0,0,0,0,0,0,0,1,6,8,0,0,0,0,0,0,0,0
Okay Yokuşlu,DM,816,0,0,0,0,0,0,0,0,1,4,0,0,4,9,0,0,0,0,0,0,0
Lucas Hernández,LB,810,0,0,0,0,0,0,2,0,3,3,0,2,0,3,0,0,0,0,0,0,0
Dmitri Barinov,CB,810,0,0,0,0,0,0,2,0,3,2,0,0,4,0,0,0,0,0,0,0,0
Bryan Cristante,RM,804,0,0,0,0,2,0,0,0,2,0,1,4,4,3,0,0,0,0,0,0,0
Tim Sparv,CM,798,0,0,0,0,0,0,2,0,2,1,0,0,2,12,0,0,0,0,0,0,0
Dejan Kulusevski,FW,792,0,4,0,0,3,1,2,0,2,2,1,4,0,0,0,0,0,0,0,0,0
Federico Bernardeschi,LW,774,0,0,0,0,4,1,0,0,0,2,1,18,4,6,0,0,0,0,0,0,0
Robin Quaison,FW,762,0,0,0,0,1,1,0,0,6,1,1,0,0,0,0,1,0,0,0,0,0
Alex Král,CM,762,0,0,0,0,1,0,0,0,2,0,0,2,0,6,0,0,0,0,0,0,0
Denis Zakaria,"CM,DM",750,0,0,0,0,2,0,0,0,3,0,0,2,2,6,1,0,0,0,0,0,0
Jakub Hromada,DM,738,0,0,0,0,0,0,0,0,3,6,0,0,2,15,0,0,1,0,0,0,0
João Palhinha,CM,732,0,0,0,0,5,0,2,0,2,1,0,0,12,0,0,0,0,0,0,0,0
Boban Nikolov,DM,720,0,0,0,0,4,1,0,0,0,1,0,4,4,0,0,0,0,0,0,0,0
Yusuf Yazıcı,CM,702,0,0,0,0,1,0,0,0,1,2,0,12,4,0,0,0,0,0,0,0,0
Leroy Sané,WB,684,0,0,0,0,1,0,2,0,1,2,1,14,0,0,0,0,0,0,0,0,0
Rasmus Schüller,CM,678,0,0,0,0,0,0,0,0,1,1,0,0,4,18,0,0,0,0,0,0,0
Josip Brekalo,"RM,RB",678,0,0,0,0,0,0,0,0,2,0,1,4,4,3,0,0,0,0,0,0,0
İrfan Kahveci,CM,678,1,0,0,0,2,1,0,0,4,3,0,2,4,3,0,0,0,0,0,0,0
Sasa Kalajdzic,FW,672,1,0,0,0,6,2,0,0,1,0,0,0,6,0,0,0,0,0,0,0,0
Michael Gregoritsch,DM,654,1,0,0,0,3,2,0,0,1,3,1,2,2,0,0,0,0,0,0,0,0
Mert Müldür,LB,654,0,0,0,0,4,4,0,0,1,1,0,6,4,9,0,0,0,0,0,0,0
Timo Werner,FW,648,0,0,0,0,2,1,0,0,0,0,2,4,0,0,0,0,0,0,0,0,0
Ryan Gravenberch,"CM,LM,DM",642,0,0,0,0,2,0,0,0,0,0,0,0,2,15,0,0,0,0,0,0,0
Anton Shunin,GK,630,0,0,0,0,0,0,0,0,0,0,0,0,0,0,0,0,0,4,3,1,0
Martin Koscelník,"RW,RB",612,0,0,0,0,1,0,0,0,2,2,0,8,2,3,0,0,0,0,0,0,0
Diogo Dalot,RB,612,0,0,0,0,0,0,2,0,1,0,1,8,2,3,0,0,0,0,0,0,0
Gergő Lovrencsics,RB,600,0,0,0,0,0,0,0,0,1,0,0,6,2,6,0,0,0,0,0,0,0
Jadon Sancho,"RW,RB",588,0,0,0,0,0,0,0,0,1,1,1,2,2,3,0,0,0,0,0,0,0
Lucas Digne,LB,576,0,0,0,0,0,0,0,0,2,1,0,10,2,6,0,0,0,0,0,0,0
Patrik Hrošovský,DM,570,0,0,0,0,0,0,0,0,0,1,0,0,2,3,0,0,0,0,0,0,0
Nacer Chadli,WB,564,0,0,0,0,2,1,0,0,1,1,0,12,2,0,0,0,0,0,0,0,0
Alessandro Bastoni,CB,540,0,0,0,0,0,0,0,0,5,0,0,4,2,0,0,0,0,0,0,0,0
Liam Cooper,CB,540,0,0,0,0,0,0,0,0,0,1,0,2,4,6,0,0,0,0,0,0,0
Jules Koundé,RB,540,0,0,0,0,0,0,0,0,2,1,0,4,0,6,0,0,1,0,0,0,0
Jakub Moder,CM,540,0,0,0,0,0,0,2,0,3,1,0,6,2,0,0,0,1,0,0,0,0
Chris Gunter,CB,540,0,0,0,0,1,0,2,0,2,0,0,0,2,3,0,0,0,0,0,0,0
Reece James,RB,540,0,0,0,0,1,0,0,0,0,0,0,2,0,3,0,0,0,0,0,0,0
Pavel Kadeřábek,LB,540,0,0,0,0,1,0,0,0,1,1,0,2,0,3,0,0,0,0,0,0,0
Andrei Semyonov,CB,540,0,0,0,0,0,0,0,0,0,0,0,0,0,3,0,0,0,0,0,0,0
Alessandro Schöpf,LW,540,0,0,0,0,1,0,0,0,1,1,0,2,0,0,0,0,0,0,0,0,0
Kingsley Coman,LM,540,0,0,0,0,4,2,2,0,1,2,0,8,4,3,0,0,0,0,0,0,0
Marcus Rashford,"DM,RB",528,0,0,0,0,0,0,0,0,1,0,0,2,0,0,0,0,0,0,0,0,0
Viktor Claesson,RM,516,1,0,0,0,2,1,0,0,1,1,0,0,2,0,0,0,0,0,0,0,0
Przemysław Frankowski,WB,510,0,2,0,0,0,0,0,0,1,0,0,16,2,0,0,0,0,0,0,0,0
Corentin Tolisso,RW,492,0,0,0,0,1,1,0,0,1,2,0,0,0,3,0,0,0,0,0,0,0
Adam Hložek,LM,480,0,0,0,0,1,0,2,0,1,0,0,4,0,0,0,0,0,0,0,0,0
Darko Churlinov,"FW,RW",480,0,0,0,0,0,0,0,0,0,0,1,4,4,3,0,0,0,0,0,0,0
Karol Linetty,AM,474,1,0,0,0,3,2,0,0,3,1,0,0,0,6,0,0,0,0,0,0,0
Emil Krafth,RB,468,0,0,0,0,1,0,0,0,1,1,0,0,0,0,0,0,0,0,0,0,0
Jonas Wind,FW,468,0,0,0,0,4,1,0,0,0,0,0,0,0,0,0,0,0,0,0,0,0
José Luis Gayà,LB,456,0,0,0,0,3,1,0,0,0,0,0,4,2,0,0,0,0,0,0,0,0
Billy Gilmour,CM,450,0,0,0,0,0,0,0,0,2,0,0,2,2,0,0,0,0,0,0,0,0
Leandro Trossard,WB,444,0,0,0,0,1,0,0,0,2,2,0,2,2,0,0,0,0,0,0,0,0
Marlos,"RM,CM",444,0,0,0,0,0,0,0,0,0,0,0,2,2,0,0,0,0,0,0,0,0
Maciej Rybus,"LW,LB",438,0,2,0,0,1,0,0,0,4,1,0,16,0,0,0,0,0,0,0,0,0
Ethan Ampadu,"CB,CM",438,0,0,0,0,0,0,0,2,2,0,0,0,2,3,0,0,0,0,0,0,0
Christian Fassnacht,LM,438,0,0,0,0,0,0,0,0,2,0,0,0,8,0,0,0,0,0,0,0,0
Fabián Ruiz Peña,RM,426,0,0,0,0,1,0,0,0,1,2,0,4,0,0,0,0,0,0,0,0,0
Ivan Tričkovski,RW,420,0,0,0,0,0,0,0,0,0,1,1,0,0,0,0,0,0,0,0,0,0
Nemanja Nikolić,"FW,LB",408,0,0,0,0,0,0,0,0,1,0,0,0,4,0,0,0,0,0,0,0,0
Thiago Alcántara,CM,408,0,0,0,0,2,0,0,0,0,2,0,2,4,6,0,0,0,0,0,0,0
Luka Ivanušec,CM,402,0,0,0,0,1,0,0,0,0,0,0,2,2,3,0,0,0,0,0,0,0
Michal Krmenčík,FW,402,0,0,0,0,4,2,2,0,1,1,3,0,0,0,0,0,0,0,0,0,0
Joachim Andersen,CB,396,0,0,0,0,1,0,0,0,0,0,0,0,0,3,0,0,0,0,0,0,0
Jack Hendry,CB,396,0,0,0,0,2,0,0,0,0,0,0,4,0,0,0,0,0,0,0,0,0
Fyodor Kudryashov,CB,396,0,0,0,0,0,0,2,0,3,0,0,0,2,0,0,0,0,0,0,0,0
Andreas Cornelius,FW,366,0,2,0,0,4,1,0,0,2,1,0,2,2,0,0,0,0,0,0,0,0
Rifat Zhemaletdinov,CM,360,0,0,0,0,2,0,0,0,0,1,0,0,2,0,0,0,0,0,0,0,0
Joni Kauko,CM,360,0,0,0,0,2,0,0,0,2,2,0,2,2,0,0,0,0,0,0,0,0
Quincy Promes,"FW,LM",354,0,0,0,0,1,0,0,0,2,0,1,4,0,0,0,0,0,0,0,0,0
Scott McKenna,CB,348,0,0,0,0,1,0,2,0,1,1,0,0,2,3,0,0,0,0,0,0,0
Maksim Mukhin,WB,348,0,0,0,0,0,0,0,0,2,1,0,2,8,3,0,0,0,0,0,0,0
Jude Bellingham,DM,348,0,0,0,0,0,0,0,0,1,2,0,0,2,3,0,0,0,0,0,0,0
Michal Ďuriš,FW,336,0,0,0,0,2,0,0,0,0,0,0,0,0,0,0,0,0,0,0,0,0
Steven Berghuis,LB,330,0,0,0,0,1,0,0,0,1,2,0,12,4,0,0,0,0,0,0,0,0
Kacper Kozłowski,CM,324,0,0,0,0,0,0,0,0,0,2,1,0,0,0,0,0,0,0,0,0,0
Mislav Oršić,LW,324,1,2,0,0,2,1,0,0,1,0,1,10,0,0,0,0,0,0,0,0,0
Nathan Aké,CB,324,0,2,0,0,1,0,0,0,0,1,0,2,0,6,0,0,0,0,0,0,0
Yevhen Makarenko,CM,318,0,0,0,0,1,1,0,0,0,1,0,0,4,3,0,0,0,0,0,0,0
Harry Wilson,AM,318,0,0,0,0,1,0,0,2,1,0,0,0,2,3,0,0,0,0,0,0,0
Owen Wijndal,WB,318,0,0,0,0,0,0,0,0,1,0,0,4,0,3,0,0,0,0,0,0,0
Rafa Silva,"RW,RM",318,0,4,0,0,0,0,0,0,1,3,0,2,2,0,0,1,0,0,0,0,0
Philipp Lienhart,CB,312,0,0,0,0,0,0,0,0,0,2,0,2,0,0,0,0,0,0,0,0,0
Tihomir Kostadinov,RW,300,0,0,0,0,0,0,2,0,1,1,0,0,2,6,0,0,0,0,0,0,0
Alessandro Florenzi,LB,288,0,0,0,0,0,0,0,0,2,0,0,8,0,3,0,0,0,0,0,0,0
Pierre Bengtsson,LB,288,0,0,0,0,0,0,0,0,1,0,0,2,0,0,0,0,0,0,0,0,0
Mario Pašalić,LM,288,1,0,0,0,3,1,0,0,0,0,0,0,0,6,0,0,0,0,0,0,0
Djibril Sow,CM,282,0,0,0,0,1,0,0,0,0,0,0,2,4,6,0,0,0,0,0,0,0
Ryan Fraser,CM,270,0,0,0,0,3,0,0,0,0,0,0,12,0,0,0,0,0,0,0,0,0
Stefan Spirovski,CM,270,0,0,0,0,0,0,0,0,1,0,0,0,0,6,0,0,0,0,0,0,0
Stanislav Lobotka,DM,270,0,0,0,0,0,0,0,0,1,0,0,0,0,3,0,0,0,0,0,0,0
Ryan Christie,FW,270,0,0,0,0,0,0,0,0,0,0,0,2,0,0,0,0,0,0,0,0,0
Clément Lenglet,CB,270,0,0,0,0,0,0,0,0,0,0,0,0,0,6,0,0,0,0,0,0,0
Ante Budimir,RW,252,0,0,0,0,2,0,0,0,2,0,0,0,0,0,0,0,0,0,0,0,0
Olivier Giroud,FW,252,0,0,0,0,2,1,0,0,1,0,0,0,0,0,0,0,0,0,0,0,0
Christian Eriksen,RM,252,0,0,0,0,2,1,0,0,0,0,0,14,0,0,0,0,0,0,0,0,0
Yuri Zhirkov,LB,252,0,0,0,0,0,0,0,0,0,0,0,2,0,0,0,0,0,0,0,0,0
Admir Mehmedi,"FW,LM",240,0,0,0,0,2,1,0,0,1,1,0,0,0,0,0,0,0,0,0,0,0
André Silva,FW,234,0,0,0,0,3,1,0,0,0,0,0,2,0,0,0,0,0,0,0,0,0
Matěj Vydra,FW,228,0,0,0,0,0,0,0,0,0,1,1,0,0,3,0,0,0,0,0,0,0
Artem Besyedin,FW,222,0,0,0,0,0,0,0,0,0,2,2,0,0,0,0,0,0,0,0,0,0
Moussa Sissoko,RM,222,0,0,0,0,1,0,0,0,0,1,0,4,0,0,0,0,0,0,0,0,0
Aleksandr Sobolev,AM,216,0,0,0,0,0,0,0,0,1,2,0,0,0,0,0,1,0,0,0,0,0
Vladimír Weiss,LW,216,0,0,0,0,1,0,2,0,1,0,0,2,2,0,0,0,0,0,0,0,0
João Félix,RW,216,0,0,0,0,3,1,0,0,0,2,0,2,2,0,0,0,0,0,0,0,0
Emre Can,CB,210,0,0,0,0,0,0,0,0,0,0,0,0,2,0,0,0,0,0,0,0,0
Andreas Skov Olsen,RW,210,0,0,0,0,0,0,0,0,0,2,0,2,0,0,0,0,0,0,0,0,0
David Brooks,"RW,LW",204,0,0,0,0,0,0,2,0,1,0,0,2,0,0,0,0,0,0,0,0,0
Denis Cheryshev,"AM,LW",198,0,0,0,0,0,0,0,0,1,0,0,0,2,0,0,0,0,0,0,0,0
Dennis Praet,WB,186,0,0,0,0,0,0,0,0,1,0,0,0,0,0,0,0,0,0,0,0,0
Halil Dervişoğlu,LM,186,0,0,0,0,1,0,2,0,2,0,0,0,0,0,0,0,0,0,0,0,0
Ousmane Dembélé,RW,186,0,0,0,0,1,0,0,0,0,1,0,6,0,0,0,0,0,0,0,0,0
Jakub Świerczok,FW,180,0,0,0,0,1,0,0,0,1,0,1,0,0,0,0,0,0,0,0,0,0
Szabolcs Schön,FW,180,0,0,0,0,0,0,0,0,0,0,1,2,0,0,0,0,0,0,0,0,0
Marcel Halstenberg,"LB,WB",168,0,0,0,0,1,0,0,0,0,0,0,0,0,0,0,0,0,0,0,0,0
Egzon Bejtulai,"RB,CM",168,0,0,0,0,0,0,0,0,0,0,0,2,0,3,0,0,0,0,0,0,0
Stefan Ilsanker,RW,162,0,0,0,0,0,0,0,0,1,0,0,0,0,0,0,0,0,0,0,0,0
Jakub Brabec,CB,156,0,0,0,0,0,0,0,0,0,0,0,0,0,3,0,0,0,0,0,0,0
Tomáš Suslov,RW,156,0,0,0,0,0,0,0,0,0,0,0,0,0,0,0,0,0,0,0,0,0
Timothy Castagne,RM,156,0,0,0,0,0,0,0,0,1,1,0,0,0,0,0,0,0,0,0,0,0
Kevin Nisbet,FW,144,0,0,0,0,2,1,0,0,1,0,0,0,0,3,0,0,0,0,0,0,0
Ferhan Hasani,AM,138,0,0,0,0,0,0,0,0,0,0,0,2,2,0,0,0,0,0,0,0,0
Borna Barišić,LB,126,0,0,0,0,0,0,0,0,0,1,0,0,0,6,0,0,0,0,0,0,0
Valentino Lazaro,"FW,RW",126,0,0,0,0,0,0,0,0,0,0,0,6,0,0,0,0,0,0,0,0,0
Nikolai Alho,RB,126,0,0,0,0,1,0,0,0,0,0,0,4,0,3,0,0,0,0,0,0,0
Filip Helander,CB,120,0,0,0,0,0,0,0,0,1,1,0,0,0,0,0,0,0,0,0,0,0
Dominic Calvert-Lewin,FW,114,0,0,0,0,0,0,0,0,0,0,0,0,0,0,0,0,0,0,0,0,0
Rúben Neves,CM,114,0,0,0,0,0,0,0,0,0,0,0,0,0,0,0,0,0,0,0,0,0
Niklas Süle,CB,108,0,0,0,0,0,0,0,0,0,0,0,0,0,0,0,0,0,0,0,0,0
Tomáš Pekhart,FW,96,0,0,0,0,1,0,0,0,0,0,0,0,0,0,0,0,0,0,0,0,0
Giacomo Raspadori,LW,96,0,0,0,0,1,0,0,0,1,0,0,2,0,0,0,0,0,0,0,0,0
Pyry Soiri,RB,96,0,0,0,0,0,0,0,0,0,1,1,0,2,3,0,0,0,0,0,0,0
Lassi Lappalainen,"RM,FW",96,0,0,0,0,0,0,0,0,0,0,0,2,0,0,0,0,0,0,0,0,0
Tamás Cseri,"CM,RW",96,0,0,0,0,0,0,0,0,0,0,0,0,0,0,0,0,0,0,0,0,0
Sérgio Oliveira,LM,96,0,0,0,0,0,0,0,0,2,1,0,2,0,0,0,0,0,0,0,0,0
Louis Schaub,DM,90,0,2,0,0,2,1,0,0,0,0,0,2,2,0,0,0,0,0,0,0,0
Artem Dovbyk,FW,90,1,0,0,0,2,1,2,0,1,0,0,0,0,0,0,0,0,0,0,0,0
Michy Batshuayi,FW,90,0,0,0,0,0,0,0,0,2,0,0,0,0,0,0,0,0,0,0,0,0
László Bénes,AM,90,0,0,0,0,0,0,0,0,0,0,0,4,0,0,0,0,0,0,0,0,0
Adama Traoré,RB,84,0,0,0,0,0,0,0,0,0,0,0,4,0,0,0,0,0,0,0,0,0
Daniel Avramovski,"CM,DM",84,0,0,0,0,1,0,2,0,2,1,0,0,2,0,0,0,1,0,0,0,0
Nicolai Boilesen,LB,84,0,0,0,0,0,0,0,0,0,0,0,0,0,0,0,0,0,0,0,0,0
Vlatko Stojanovski,DM,78,0,0,0,0,1,0,0,0,0,0,0,0,0,0,0,0,0,0,0,0,0
Tyler Roberts,FW,78,0,0,0,0,0,0,0,0,0,0,0,0,0,0,0,0,0,0,0,0,0
Dávid Sigér,CM,78,0,0,0,0,0,0,0,0,0,0,0,0,0,0,0,0,0,0,0,0,0
Przemysław Płacheta,CM,78,0,0,0,0,1,0,0,0,0,0,0,10,0,0,0,0,0,0,0,0,0
Kevin Volland,FW,72,0,0,0,0,0,0,0,0,0,0,0,2,0,0,0,0,0,0,0,0,0
Luuk de Jong,FW,72,0,0,0,0,0,0,0,0,0,1,0,0,0,0,0,0,0,0,0,0,0
Cody Gakpo,AM,72,0,0,0,0,0,0,0,0,1,0,0,0,0,0,0,0,0,0,0,0,0
James Forrest,WB,72,0,0,0,0,1,0,0,0,0,0,0,0,0,0,0,0,0,0,0,0,0
Oleksandr Zubkov,LW,72,0,0,0,0,0,0,0,0,0,0,0,0,0,0,0,0,0,0,0,0,0
Kevin Varga,"FW,LB",72,0,0,0,0,0,0,0,0,0,0,0,0,0,0,0,0,0,0,0,0,0
Orkun Kökçü,CM,66,0,0,0,0,0,0,0,0,0,1,0,2,0,0,0,0,0,0,0,0,0
Jamal Musiala,AM,60,0,0,0,0,0,0,0,0,0,1,0,0,0,0,0,0,0,0,0,0,0
Marcus Thuram,LM,60,0,0,0,0,0,0,0,0,1,0,0,2,0,0,0,0,0,0,0,0,0
Marcus Forss,FW,48,0,0,0,0,0,0,0,0,1,0,0,0,0,0,0,0,0,0,0,0,0
Jens Cajuste,CM,42,0,0,0,0,0,0,0,0,0,0,0,0,0,6,0,0,0,0,0,0,0
Dávid Hancko,LB,42,0,0,0,0,3,0,0,0,0,0,0,0,0,0,0,0,0,0,0,0,0
Christopher Trimmel,RB,42,0,0,0,0,0,0,0,0,0,0,0,0,0,0,0,0,0,0,0,0,0
Karim Onisiwo,LW,42,0,0,0,0,1,1,0,0,0,1,0,0,0,0,0,0,0,0,0,0,0
Nathan Patterson,WB,42,0,0,0,0,0,0,0,0,0,0,0,0,2,0,0,0,0,0,0,0,0
Christian Benteke,FW,42,0,0,0,0,0,0,0,0,0,0,0,0,0,0,0,0,0,0,0,0,0
Fredrik Jensen,FW,42,0,0,0,0,0,0,0,0,0,0,0,0,0,0,0,0,0,0,0,0,0
Kire Ristevski,CB,36,0,0,0,0,0,0,0,0,0,0,0,0,2,3,0,0,0,0,0,0,0
Paweł Dawidowicz,CB,36,0,0,0,0,0,0,0,0,0,0,0,0,0,0,0,0,0,0,0,0,0
Loris Benito,WB,36,0,0,0,0,0,0,0,0,0,0,0,0,0,0,0,0,0,0,0,0,0
Dylan Levitt,CM,30,0,0,0,0,0,0,0,0,0,0,0,0,0,0,0,0,0,0,0,0,0
Dorukhan Toköz,LM,30,0,0,0,0,0,0,0,0,1,0,0,0,2,0,0,0,0,0,0,0,0
Milan Ristovski,FW,30,0,0,0,0,0,0,0,0,0,1,0,0,0,0,0,0,0,0,0,0,0
Thomas Lemar,"LW,RW",24,0,0,0,0,0,0,0,0,0,0,0,2,0,0,0,0,0,0,0,0,0
Gaetano Castrovilli,RM,24,0,0,0,0,0,0,0,0,0,0,0,0,0,0,0,0,0,0,0,0,0
Roman Bezus,CM,24,0,0,0,0,0,0,0,0,0,0,0,0,0,0,0,0,0,0,0,0,0
Gustav Svensson,CM,18,0,0,0,0,0,0,0,0,0,0,0,0,0,0,0,0,0,0,0,0,0
Roland Varga,"RW,CM",18,0,0,0,0,0,0,0,0,0,0,0,2,0,0,0,0,0,0,0,0,0
Joël Veltman,CB,18,0,0,0,0,0,0,0,0,0,0,0,0,0,0,0,0,0,0,0,0,0
Salvatore Sirigu,GK,14,0,0,0,0,0,0,0,0,0,0,0,0,0,0,0,0,0,0,0,0,0
Eduard Sobol,"AM,LW",6,0,0,0,0,0,0,0,0,0,0,0,0,0,0,0,0,0,0,0,0,0
Hans Vanaken,CM,6,0,0,0,0,0,0,0,0,0,0,0,0,0,0,0,0,0,0,0,0,0
Julian Baumgartlinger,CM,6,0,0,0,0,0,0,0,0,0,0,0,0,0,0,0,0,0,0,0,0,0
Ján Greguš,"CM,RW",6,0,0,0,0,0,0,0,0,1,0,0,0,0,0,0,0,0,0,0,0,0
Michal Sadílek,CM,6,0,0,0,0,0,0,0,0,0,0,0,0,0,0,0,0,0,0,0,0,0
Leo Väisänen,RB,6,0,0,0,0,0,0,0,0,0,0,0,0,0,0,0,0,0,0,0,0,0
